Data,Kaina_USD_uz_galona
05-Apr-1993,1.068
12-Apr-1993,1.079
19-Apr-1993,1.079
26-Apr-1993,1.086
03-May-1993,1.086
10-May-1993,1.097
17-May-1993,1.106
24-May-1993,1.106
31-May-1993,1.107
07-Jun-1993,1.104
14-Jun-1993,1.101
21-Jun-1993,1.095
28-Jun-1993,1.089
05-Jul-1993,1.086
12-Jul-1993,1.081
19-Jul-1993,1.075
26-Jul-1993,1.069
02-Aug-1993,1.062
09-Aug-1993,1.06
16-Aug-1993,1.059
23-Aug-1993,1.065
30-Aug-1993,1.062
06-Sep-1993,1.055
13-Sep-1993,1.051
20-Sep-1993,1.045
27-Sep-1993,1.047
04-Oct-1993,1.092
11-Oct-1993,1.09
18-Oct-1993,1.093
25-Oct-1993,1.092
01-Nov-1993,1.084
08-Nov-1993,1.075
15-Nov-1993,1.064
22-Nov-1993,1.058
29-Nov-1993,1.051
06-Dec-1993,1.036
13-Dec-1993,1.018
20-Dec-1993,1.003
27-Dec-1993,0.999
03-Jan-1994,0.992
10-Jan-1994,0.995
17-Jan-1994,1.001
24-Jan-1994,0.999
31-Jan-1994,1.005
07-Feb-1994,1.007
14-Feb-1994,1.016
21-Feb-1994,1.009
28-Feb-1994,1.004
07-Mar-1994,1.007
14-Mar-1994,1.005
21-Mar-1994,1.007
28-Mar-1994,1.012
04-Apr-1994,1.011
11-Apr-1994,1.028
18-Apr-1994,1.033
25-Apr-1994,1.037
02-May-1994,1.04
09-May-1994,1.045
16-May-1994,1.046
23-May-1994,1.05
30-May-1994,1.056
06-Jun-1994,1.065
13-Jun-1994,1.073
20-Jun-1994,1.079
27-Jun-1994,1.095
04-Jul-1994,1.097
11-Jul-1994,1.103
18-Jul-1994,1.109
25-Jul-1994,1.114
01-Aug-1994,1.13
08-Aug-1994,1.157
15-Aug-1994,1.161
22-Aug-1994,1.165
29-Aug-1994,1.161
05-Sep-1994,1.156
12-Sep-1994,1.15
19-Sep-1994,1.14
26-Sep-1994,1.129
03-Oct-1994,1.12
10-Oct-1994,1.114
17-Oct-1994,1.106
24-Oct-1994,1.107
31-Oct-1994,1.121
07-Nov-1994,1.123
14-Nov-1994,1.122
21-Nov-1994,1.113
28-Nov-1994,1.117
05-Dec-1994,1.127
12-Dec-1994,1.131
19-Dec-1994,1.134
26-Dec-1994,1.125
02-Jan-1995,1.127
09-Jan-1995,1.134
16-Jan-1995,1.126
23-Jan-1995,1.132
30-Jan-1995,1.131
06-Feb-1995,1.124
13-Feb-1995,1.121
20-Feb-1995,1.115
27-Feb-1995,1.121
06-Mar-1995,1.123
13-Mar-1995,1.116
20-Mar-1995,1.114
27-Mar-1995,1.121
03-Apr-1995,1.133
10-Apr-1995,1.149
17-Apr-1995,1.163
24-Apr-1995,1.184
01-May-1995,1.194
08-May-1995,1.216
15-May-1995,1.226
22-May-1995,1.244
29-May-1995,1.246
05-Jun-1995,1.246
12-Jun-1995,1.243
19-Jun-1995,1.236
26-Jun-1995,1.229
03-Jul-1995,1.222
10-Jul-1995,1.212
17-Jul-1995,1.2
24-Jul-1995,1.191
31-Jul-1995,1.179
07-Aug-1995,1.174
14-Aug-1995,1.172
21-Aug-1995,1.171
28-Aug-1995,1.163
04-Sep-1995,1.16
11-Sep-1995,1.158
18-Sep-1995,1.157
25-Sep-1995,1.156
02-Oct-1995,1.151
09-Oct-1995,1.144
16-Oct-1995,1.133
23-Oct-1995,1.125
30-Oct-1995,1.115
06-Nov-1995,1.112
13-Nov-1995,1.109
20-Nov-1995,1.106
27-Nov-1995,1.107
04-Dec-1995,1.108
11-Dec-1995,1.11
18-Dec-1995,1.124
25-Dec-1995,1.128
01-Jan-1996,1.129
08-Jan-1996,1.139
15-Jan-1996,1.145
22-Jan-1996,1.138
29-Jan-1996,1.133
05-Feb-1996,1.13
12-Feb-1996,1.126
19-Feb-1996,1.133
26-Feb-1996,1.153
04-Mar-1996,1.17
11-Mar-1996,1.171
18-Mar-1996,1.181
25-Mar-1996,1.21
01-Apr-1996,1.223
08-Apr-1996,1.248
15-Apr-1996,1.287
22-Apr-1996,1.301
29-Apr-1996,1.318
06-May-1996,1.321
13-May-1996,1.323
20-May-1996,1.33
27-May-1996,1.321
03-Jun-1996,1.315
10-Jun-1996,1.307
17-Jun-1996,1.302
24-Jun-1996,1.289
01-Jul-1996,1.279
08-Jul-1996,1.276
15-Jul-1996,1.273
22-Jul-1996,1.272
29-Jul-1996,1.263
05-Aug-1996,1.253
12-Aug-1996,1.248
19-Aug-1996,1.249
26-Aug-1996,1.253
02-Sep-1996,1.242
09-Sep-1996,1.247
16-Sep-1996,1.25
23-Sep-1996,1.251
30-Sep-1996,1.245
07-Oct-1996,1.239
14-Oct-1996,1.248
21-Oct-1996,1.249
28-Oct-1996,1.26
04-Nov-1996,1.268
11-Nov-1996,1.272
18-Nov-1996,1.282
25-Nov-1996,1.289
02-Dec-1996,1.287
09-Dec-1996,1.287
16-Dec-1996,1.283
23-Dec-1996,1.278
30-Dec-1996,1.274
06-Jan-1997,1.272
13-Jan-1997,1.287
20-Jan-1997,1.287
27-Jan-1997,1.284
03-Feb-1997,1.282
10-Feb-1997,1.28
17-Feb-1997,1.273
24-Feb-1997,1.27
03-Mar-1997,1.261
10-Mar-1997,1.253
17-Mar-1997,1.246
24-Mar-1997,1.25
31-Mar-1997,1.246
07-Apr-1997,1.248
14-Apr-1997,1.244
21-Apr-1997,1.245
28-Apr-1997,1.24
05-May-1997,1.238
12-May-1997,1.238
19-May-1997,1.247
26-May-1997,1.255
02-Jun-1997,1.258
09-Jun-1997,1.251
16-Jun-1997,1.242
23-Jun-1997,1.232
30-Jun-1997,1.226
07-Jul-1997,1.222
14-Jul-1997,1.219
21-Jul-1997,1.222
28-Jul-1997,1.216
04-Aug-1997,1.237
11-Aug-1997,1.272
18-Aug-1997,1.274
25-Aug-1997,1.288
01-Sep-1997,1.287
08-Sep-1997,1.288
15-Sep-1997,1.281
22-Sep-1997,1.269
29-Sep-1997,1.255
06-Oct-1997,1.254
13-Oct-1997,1.248
20-Oct-1997,1.238
27-Oct-1997,1.228
03-Nov-1997,1.221
10-Nov-1997,1.222
17-Nov-1997,1.213
24-Nov-1997,1.207
01-Dec-1997,1.197
08-Dec-1997,1.187
15-Dec-1997,1.176
22-Dec-1997,1.167
29-Dec-1997,1.158
05-Jan-1998,1.148
12-Jan-1998,1.14
19-Jan-1998,1.129
26-Jan-1998,1.112
02-Feb-1998,1.108
09-Feb-1998,1.101
16-Feb-1998,1.085
23-Feb-1998,1.09
02-Mar-1998,1.075
09-Mar-1998,1.065
16-Mar-1998,1.055
23-Mar-1998,1.047
30-Mar-1998,1.077
06-Apr-1998,1.074
13-Apr-1998,1.072
20-Apr-1998,1.075
27-Apr-1998,1.086
04-May-1998,1.095
11-May-1998,1.109
18-May-1998,1.109
25-May-1998,1.108
01-Jun-1998,1.104
08-Jun-1998,1.113
15-Jun-1998,1.104
22-Jun-1998,1.096
29-Jun-1998,1.096
06-Jul-1998,1.097
13-Jul-1998,1.092
20-Jul-1998,1.097
27-Jul-1998,1.088
03-Aug-1998,1.077
10-Aug-1998,1.072
17-Aug-1998,1.065
24-Aug-1998,1.058
31-Aug-1998,1.053
07-Sep-1998,1.046
14-Sep-1998,1.042
21-Sep-1998,1.053
28-Sep-1998,1.053
05-Oct-1998,1.059
12-Oct-1998,1.063
19-Oct-1998,1.058
26-Oct-1998,1.055
02-Nov-1998,1.05
09-Nov-1998,1.048
16-Nov-1998,1.037
23-Nov-1998,1.03
30-Nov-1998,1.015
07-Dec-1998,0.996
14-Dec-1998,0.987
21-Dec-1998,0.986
28-Dec-1998,0.979
04-Jan-1999,0.977
11-Jan-1999,0.982
18-Jan-1999,0.985
25-Jan-1999,0.977
01-Feb-1999,0.971
08-Feb-1999,0.968
15-Feb-1999,0.96
22-Feb-1999,0.949
01-Mar-1999,0.955
08-Mar-1999,0.963
15-Mar-1999,1.017
22-Mar-1999,1.056
29-Mar-1999,1.121
05-Apr-1999,1.158
12-Apr-1999,1.179
19-Apr-1999,1.175
26-Apr-1999,1.171
03-May-1999,1.176
10-May-1999,1.18
17-May-1999,1.18
24-May-1999,1.166
31-May-1999,1.151
07-Jun-1999,1.152
14-Jun-1999,1.148
21-Jun-1999,1.163
28-Jun-1999,1.153
05-Jul-1999,1.165
12-Jul-1999,1.182
19-Jul-1999,1.208
26-Jul-1999,1.232
02-Aug-1999,1.234
09-Aug-1999,1.246
16-Aug-1999,1.275
23-Aug-1999,1.273
30-Aug-1999,1.273
06-Sep-1999,1.282
13-Sep-1999,1.29
20-Sep-1999,1.307
27-Sep-1999,1.302
04-Oct-1999,1.296
11-Oct-1999,1.29
18-Oct-1999,1.277
25-Oct-1999,1.277
01-Nov-1999,1.271
08-Nov-1999,1.274
15-Nov-1999,1.292
22-Nov-1999,1.309
29-Nov-1999,1.315
06-Dec-1999,1.313
13-Dec-1999,1.315
20-Dec-1999,1.31
27-Dec-1999,1.314
03-Jan-2000,1.312
10-Jan-2000,1.304
17-Jan-2000,1.318
24-Jan-2000,1.354
31-Jan-2000,1.355
07-Feb-2000,1.364
14-Feb-2000,1.394
21-Feb-2000,1.443
28-Feb-2000,1.458
06-Mar-2000,1.539
13-Mar-2000,1.566
20-Mar-2000,1.569
27-Mar-2000,1.549
03-Apr-2000,1.543
10-Apr-2000,1.516
17-Apr-2000,1.486
24-Apr-2000,1.478
01-May-2000,1.461
08-May-2000,1.495
15-May-2000,1.531
22-May-2000,1.566
29-May-2000,1.579
05-Jun-2000,1.599
12-Jun-2000,1.664
19-Jun-2000,1.711
26-Jun-2000,1.691
03-Jul-2000,1.661
10-Jul-2000,1.63
17-Jul-2000,1.586
24-Jul-2000,1.562
31-Jul-2000,1.514
07-Aug-2000,1.504
14-Aug-2000,1.489
21-Aug-2000,1.508
28-Aug-2000,1.521
04-Sep-2000,1.568
11-Sep-2000,1.598
18-Sep-2000,1.599
25-Sep-2000,1.586
02-Oct-2000,1.563
09-Oct-2000,1.541
16-Oct-2000,1.578
23-Oct-2000,1.588
30-Oct-2000,1.584
06-Nov-2000,1.565
13-Nov-2000,1.562
20-Nov-2000,1.55
27-Nov-2000,1.549
04-Dec-2000,1.526
11-Dec-2000,1.49
18-Dec-2000,1.462
25-Dec-2000,1.453
01-Jan-2001,1.446
08-Jan-2001,1.465
15-Jan-2001,1.513
22-Jan-2001,1.511
29-Jan-2001,1.5
05-Feb-2001,1.483
12-Feb-2001,1.515
19-Feb-2001,1.489
26-Feb-2001,1.471
05-Mar-2001,1.457
12-Mar-2001,1.453
19-Mar-2001,1.444
26-Mar-2001,1.445
02-Apr-2001,1.482
09-Apr-2001,1.54
16-Apr-2001,1.61
23-Apr-2001,1.658
30-Apr-2001,1.665
07-May-2001,1.739
14-May-2001,1.748
21-May-2001,1.724
28-May-2001,1.739
04-Jun-2001,1.715
11-Jun-2001,1.688
18-Jun-2001,1.644
25-Jun-2001,1.583
02-Jul-2001,1.52
09-Jul-2001,1.484
16-Jul-2001,1.459
23-Jul-2001,1.44
30-Jul-2001,1.428
06-Aug-2001,1.419
13-Aug-2001,1.434
20-Aug-2001,1.467
27-Aug-2001,1.523
03-Sep-2001,1.579
10-Sep-2001,1.562
17-Sep-2001,1.564
24-Sep-2001,1.522
01-Oct-2001,1.455
08-Oct-2001,1.393
15-Oct-2001,1.351
22-Oct-2001,1.307
29-Oct-2001,1.277
05-Nov-2001,1.249
12-Nov-2001,1.224
19-Nov-2001,1.208
26-Nov-2001,1.168
03-Dec-2001,1.149
10-Dec-2001,1.136
17-Dec-2001,1.101
24-Dec-2001,1.113
31-Dec-2001,1.137
07-Jan-2002,1.152
14-Jan-2002,1.152
21-Jan-2002,1.146
28-Jan-2002,1.142
04-Feb-2002,1.157
11-Feb-2002,1.148
18-Feb-2002,1.157
25-Feb-2002,1.157
04-Mar-2002,1.185
11-Mar-2002,1.262
18-Mar-2002,1.328
25-Mar-2002,1.382
01-Apr-2002,1.412
08-Apr-2002,1.454
15-Apr-2002,1.446
22-Apr-2002,1.446
29-Apr-2002,1.435
06-May-2002,1.437
13-May-2002,1.431
20-May-2002,1.439
27-May-2002,1.429
03-Jun-2002,1.433
10-Jun-2002,1.417
17-Jun-2002,1.419
24-Jun-2002,1.425
01-Jul-2002,1.433
08-Jul-2002,1.423
15-Jul-2002,1.435
22-Jul-2002,1.451
29-Jul-2002,1.447
05-Aug-2002,1.437
12-Aug-2002,1.435
19-Aug-2002,1.434
26-Aug-2002,1.444
02-Sep-2002,1.436
09-Sep-2002,1.437
16-Sep-2002,1.442
23-Sep-2002,1.436
30-Sep-2002,1.455
07-Oct-2002,1.48
14-Oct-2002,1.481
21-Oct-2002,1.499
28-Oct-2002,1.485
04-Nov-2002,1.489
11-Nov-2002,1.48
18-Nov-2002,1.451
25-Nov-2002,1.423
02-Dec-2002,1.408
09-Dec-2002,1.404
16-Dec-2002,1.407
23-Dec-2002,1.443
30-Dec-2002,1.484
06-Jan-2003,1.487
13-Jan-2003,1.496
20-Jan-2003,1.502
27-Jan-2003,1.515
03-Feb-2003,1.569
10-Feb-2003,1.649
17-Feb-2003,1.701
24-Feb-2003,1.699
03-Mar-2003,1.726
10-Mar-2003,1.752
17-Mar-2003,1.768
24-Mar-2003,1.732
31-Mar-2003,1.692
07-Apr-2003,1.673
14-Apr-2003,1.639
21-Apr-2003,1.618
28-Apr-2003,1.6
05-May-2003,1.556
12-May-2003,1.534
19-May-2003,1.539
26-May-2003,1.528
02-Jun-2003,1.514
09-Jun-2003,1.53
16-Jun-2003,1.558
23-Jun-2003,1.537
30-Jun-2003,1.528
07-Jul-2003,1.53
14-Jul-2003,1.563
21-Jul-2003,1.566
28-Jul-2003,1.558
04-Aug-2003,1.576
11-Aug-2003,1.611
18-Aug-2003,1.668
25-Aug-2003,1.787
01-Sep-2003,1.786
08-Sep-2003,1.758
15-Sep-2003,1.739
22-Sep-2003,1.686
29-Sep-2003,1.635
06-Oct-2003,1.617
13-Oct-2003,1.611
20-Oct-2003,1.612
27-Oct-2003,1.584
03-Nov-2003,1.577
10-Nov-2003,1.547
17-Nov-2003,1.54
24-Nov-2003,1.554
01-Dec-2003,1.533
08-Dec-2003,1.519
15-Dec-2003,1.509
22-Dec-2003,1.528
29-Dec-2003,1.521
05-Jan-2004,1.552
12-Jan-2004,1.603
19-Jan-2004,1.637
26-Jan-2004,1.664
02-Feb-2004,1.66
09-Feb-2004,1.681
16-Feb-2004,1.69
23-Feb-2004,1.73
01-Mar-2004,1.758
08-Mar-2004,1.78
15-Mar-2004,1.767
22-Mar-2004,1.785
29-Mar-2004,1.8
05-Apr-2004,1.822
12-Apr-2004,1.827
19-Apr-2004,1.853
26-Apr-2004,1.853
03-May-2004,1.884
10-May-2004,1.979
17-May-2004,2.055
24-May-2004,2.104
31-May-2004,2.092
07-Jun-2004,2.075
14-Jun-2004,2.029
21-Jun-2004,1.981
28-Jun-2004,1.965
05-Jul-2004,1.939
12-Jul-2004,1.959
19-Jul-2004,1.971
26-Jul-2004,1.948
02-Aug-2004,1.93
09-Aug-2004,1.92
16-Aug-2004,1.917
23-Aug-2004,1.926
30-Aug-2004,1.909
06-Sep-2004,1.893
13-Sep-2004,1.889
20-Sep-2004,1.908
27-Sep-2004,1.959
04-Oct-2004,1.98
11-Oct-2004,2.035
18-Oct-2004,2.077
25-Oct-2004,2.074
01-Nov-2004,2.076
08-Nov-2004,2.045
15-Nov-2004,2.014
22-Nov-2004,1.992
29-Nov-2004,1.989
06-Dec-2004,1.956
13-Dec-2004,1.893
20-Dec-2004,1.861
27-Dec-2004,1.838
03-Jan-2005,1.824
10-Jan-2005,1.837
17-Jan-2005,1.863
24-Jan-2005,1.896
31-Jan-2005,1.953
07-Feb-2005,1.952
14-Feb-2005,1.941
21-Feb-2005,1.948
28-Feb-2005,1.969
07-Mar-2005,2.04
14-Mar-2005,2.098
21-Mar-2005,2.149
28-Mar-2005,2.194
04-Apr-2005,2.258
11-Apr-2005,2.321
18-Apr-2005,2.28
25-Apr-2005,2.279
02-May-2005,2.277
09-May-2005,2.231
16-May-2005,2.206
23-May-2005,2.169
30-May-2005,2.141
06-Jun-2005,2.159
13-Jun-2005,2.173
20-Jun-2005,2.204
27-Jun-2005,2.257
04-Jul-2005,2.268
11-Jul-2005,2.369
18-Jul-2005,2.36
25-Jul-2005,2.333
01-Aug-2005,2.335
08-Aug-2005,2.41
15-Aug-2005,2.592
22-Aug-2005,2.654
29-Aug-2005,2.653
05-Sep-2005,3.117
12-Sep-2005,3.002
19-Sep-2005,2.835
26-Sep-2005,2.851
03-Oct-2005,2.975
10-Oct-2005,2.896
17-Oct-2005,2.775
24-Oct-2005,2.652
31-Oct-2005,2.528
07-Nov-2005,2.424
14-Nov-2005,2.342
21-Nov-2005,2.247
28-Nov-2005,2.2
05-Dec-2005,2.191
12-Dec-2005,2.228
19-Dec-2005,2.255
26-Dec-2005,2.241
02-Jan-2006,2.281
09-Jan-2006,2.371
16-Jan-2006,2.366
23-Jan-2006,2.382
30-Jan-2006,2.402
06-Feb-2006,2.388
13-Feb-2006,2.331
20-Feb-2006,2.286
27-Feb-2006,2.298
06-Mar-2006,2.373
13-Mar-2006,2.408
20-Mar-2006,2.548
27-Mar-2006,2.542
03-Apr-2006,2.631
10-Apr-2006,2.727
17-Apr-2006,2.828
24-Apr-2006,2.96
01-May-2006,2.966
08-May-2006,2.955
15-May-2006,2.992
22-May-2006,2.938
29-May-2006,2.913
05-Jun-2006,2.937
12-Jun-2006,2.951
19-Jun-2006,2.917
26-Jun-2006,2.914
03-Jul-2006,2.979
10-Jul-2006,3.017
17-Jul-2006,3.033
24-Jul-2006,3.048
31-Jul-2006,3.05
07-Aug-2006,3.083
14-Aug-2006,3.047
21-Aug-2006,2.971
28-Aug-2006,2.893
04-Sep-2006,2.777
11-Sep-2006,2.67
18-Sep-2006,2.549
25-Sep-2006,2.429
02-Oct-2006,2.36
09-Oct-2006,2.31
16-Oct-2006,2.274
23-Oct-2006,2.255
30-Oct-2006,2.264
06-Nov-2006,2.246
13-Nov-2006,2.278
20-Nov-2006,2.285
27-Nov-2006,2.292
04-Dec-2006,2.342
11-Dec-2006,2.34
18-Dec-2006,2.366
25-Dec-2006,2.387
01-Jan-2007,2.382
08-Jan-2007,2.354
15-Jan-2007,2.28
22-Jan-2007,2.216
29-Jan-2007,2.213
05-Feb-2007,2.237
12-Feb-2007,2.287
19-Feb-2007,2.341
26-Feb-2007,2.428
05-Mar-2007,2.551
12-Mar-2007,2.605
19-Mar-2007,2.623
26-Mar-2007,2.655
02-Apr-2007,2.753
09-Apr-2007,2.848
16-Apr-2007,2.922
23-Apr-2007,2.917
30-Apr-2007,3.017
07-May-2007,3.097
14-May-2007,3.143
21-May-2007,3.258
28-May-2007,3.25
04-Jun-2007,3.2
11-Jun-2007,3.122
18-Jun-2007,3.057
25-Jun-2007,3.029
02-Jul-2007,3.005
09-Jul-2007,3.026
16-Jul-2007,3.092
23-Jul-2007,3.005
30-Jul-2007,2.926
06-Aug-2007,2.888
13-Aug-2007,2.821
20-Aug-2007,2.832
27-Aug-2007,2.796
03-Sep-2007,2.84
10-Sep-2007,2.862
17-Sep-2007,2.835
24-Sep-2007,2.86
01-Oct-2007,2.838
08-Oct-2007,2.821
15-Oct-2007,2.813
22-Oct-2007,2.873
29-Oct-2007,2.921
05-Nov-2007,3.06
12-Nov-2007,3.158
19-Nov-2007,3.148
26-Nov-2007,3.147
03-Dec-2007,3.113
10-Dec-2007,3.053
17-Dec-2007,3.05
24-Dec-2007,3.032
31-Dec-2007,3.104
07-Jan-2008,3.159
14-Jan-2008,3.119
21-Jan-2008,3.07
28-Jan-2008,3.03
04-Feb-2008,3.03
11-Feb-2008,3.011
18-Feb-2008,3.092
25-Feb-2008,3.18
03-Mar-2008,3.212
10-Mar-2008,3.273
17-Mar-2008,3.332
24-Mar-2008,3.31
31-Mar-2008,3.339
07-Apr-2008,3.381
14-Apr-2008,3.438
21-Apr-2008,3.557
28-Apr-2008,3.653
05-May-2008,3.663
12-May-2008,3.771
19-May-2008,3.84
26-May-2008,3.986
02-Jun-2008,4.026
09-Jun-2008,4.09
16-Jun-2008,4.134
23-Jun-2008,4.131
30-Jun-2008,4.146
07-Jul-2008,4.165
14-Jul-2008,4.164
21-Jul-2008,4.118
28-Jul-2008,4.01
04-Aug-2008,3.935
11-Aug-2008,3.864
18-Aug-2008,3.794
25-Aug-2008,3.738
01-Sep-2008,3.733
08-Sep-2008,3.701
15-Sep-2008,3.887
22-Sep-2008,3.772
29-Sep-2008,3.687
06-Oct-2008,3.543
13-Oct-2008,3.213
20-Oct-2008,2.974
27-Oct-2008,2.718
03-Nov-2008,2.462
10-Nov-2008,2.284
17-Nov-2008,2.132
24-Nov-2008,1.952
01-Dec-2008,1.87
08-Dec-2008,1.758
15-Dec-2008,1.716
22-Dec-2008,1.71
29-Dec-2008,1.67
05-Jan-2009,1.737
12-Jan-2009,1.835
19-Jan-2009,1.898
26-Jan-2009,1.89
02-Feb-2009,1.944
09-Feb-2009,1.978
16-Feb-2009,2.016
23-Feb-2009,1.963
02-Mar-2009,1.988
09-Mar-2009,1.993
16-Mar-2009,1.964
23-Mar-2009,2.014
30-Mar-2009,2.097
06-Apr-2009,2.09
13-Apr-2009,2.104
20-Apr-2009,2.112
27-Apr-2009,2.102
04-May-2009,2.129
11-May-2009,2.29
18-May-2009,2.36
25-May-2009,2.485
01-Jun-2009,2.572
08-Jun-2009,2.673
15-Jun-2009,2.722
22-Jun-2009,2.743
29-Jun-2009,2.695
06-Jul-2009,2.666
13-Jul-2009,2.584
20-Jul-2009,2.519
27-Jul-2009,2.557
03-Aug-2009,2.61
10-Aug-2009,2.7
17-Aug-2009,2.691
24-Aug-2009,2.682
31-Aug-2009,2.667
07-Sep-2009,2.642
14-Sep-2009,2.632
21-Sep-2009,2.607
28-Sep-2009,2.554
05-Oct-2009,2.523
12-Oct-2009,2.543
19-Oct-2009,2.626
26-Oct-2009,2.727
02-Nov-2009,2.746
09-Nov-2009,2.72
16-Nov-2009,2.684
23-Nov-2009,2.694
30-Nov-2009,2.684
07-Dec-2009,2.689
14-Dec-2009,2.655
21-Dec-2009,2.645
28-Dec-2009,2.662
04-Jan-2010,2.718
11-Jan-2010,2.804
18-Jan-2010,2.793
25-Jan-2010,2.76
01-Feb-2010,2.717
08-Feb-2010,2.707
15-Feb-2010,2.664
22-Feb-2010,2.709
01-Mar-2010,2.756
08-Mar-2010,2.804
15-Mar-2010,2.841
22-Mar-2010,2.87
29-Mar-2010,2.851
05-Apr-2010,2.877
12-Apr-2010,2.909
19-Apr-2010,2.911
26-Apr-2010,2.901
03-May-2010,2.95
10-May-2010,2.958
17-May-2010,2.918
24-May-2010,2.842
31-May-2010,2.784
07-Jun-2010,2.78
14-Jun-2010,2.756
21-Jun-2010,2.795
28-Jun-2010,2.809
05-Jul-2010,2.779
12-Jul-2010,2.771
19-Jul-2010,2.775
26-Jul-2010,2.801
02-Aug-2010,2.788
09-Aug-2010,2.835
16-Aug-2010,2.798
23-Aug-2010,2.759
30-Aug-2010,2.736
06-Sep-2010,2.735
13-Sep-2010,2.772
20-Sep-2010,2.775
27-Sep-2010,2.747
04-Oct-2010,2.784
11-Oct-2010,2.871
18-Oct-2010,2.887
25-Oct-2010,2.87
01-Nov-2010,2.861
08-Nov-2010,2.917
15-Nov-2010,2.944
22-Nov-2010,2.931
29-Nov-2010,2.912
06-Dec-2010,3.013
13-Dec-2010,3.035
20-Dec-2010,3.037
27-Dec-2010,3.106
03-Jan-2011,3.124
10-Jan-2011,3.142
17-Jan-2011,3.158
24-Jan-2011,3.163
31-Jan-2011,3.155
07-Feb-2011,3.185
14-Feb-2011,3.193
21-Feb-2011,3.243
28-Feb-2011,3.435
07-Mar-2011,3.572
14-Mar-2011,3.621
21-Mar-2011,3.617
28-Mar-2011,3.65
04-Apr-2011,3.737
11-Apr-2011,3.843
18-Apr-2011,3.896
25-Apr-2011,3.932
02-May-2011,4.014
09-May-2011,4.018
16-May-2011,4.014
23-May-2011,3.904
30-May-2011,3.848
06-Jun-2011,3.833
13-Jun-2011,3.767
20-Jun-2011,3.708
27-Jun-2011,3.631
04-Jul-2011,3.634
11-Jul-2011,3.695
18-Jul-2011,3.736
25-Jul-2011,3.754
01-Aug-2011,3.766
08-Aug-2011,3.73
15-Aug-2011,3.662
22-Aug-2011,3.638
29-Aug-2011,3.682
05-Sep-2011,3.727
12-Sep-2011,3.715
19-Sep-2011,3.657
26-Sep-2011,3.568
03-Oct-2011,3.492
10-Oct-2011,3.476
17-Oct-2011,3.533
24-Oct-2011,3.52
31-Oct-2011,3.511
07-Nov-2011,3.482
14-Nov-2011,3.495
21-Nov-2011,3.427
28-Nov-2011,3.368
05-Dec-2011,3.35
12-Dec-2011,3.346
19-Dec-2011,3.29
26-Dec-2011,3.317
02-Jan-2012,3.358
09-Jan-2012,3.441
16-Jan-2012,3.451
23-Jan-2012,3.45
30-Jan-2012,3.5
06-Feb-2012,3.542
13-Feb-2012,3.584
20-Feb-2012,3.652
27-Feb-2012,3.78
05-Mar-2012,3.849
12-Mar-2012,3.884
19-Mar-2012,3.923
26-Mar-2012,3.973
02-Apr-2012,3.996
09-Apr-2012,3.997
16-Apr-2012,3.98
23-Apr-2012,3.929
30-Apr-2012,3.889
07-May-2012,3.849
14-May-2012,3.814
21-May-2012,3.773
28-May-2012,3.728
04-Jun-2012,3.671
11-Jun-2012,3.629
18-Jun-2012,3.589
25-Jun-2012,3.494
02-Jul-2012,3.415
09-Jul-2012,3.469
16-Jul-2012,3.485
23-Jul-2012,3.554
30-Jul-2012,3.568
06-Aug-2012,3.702
13-Aug-2012,3.779
20-Aug-2012,3.803
27-Aug-2012,3.837
03-Sep-2012,3.903
10-Sep-2012,3.907
17-Sep-2012,3.939
24-Sep-2012,3.889
01-Oct-2012,3.866
08-Oct-2012,3.914
15-Oct-2012,3.886
22-Oct-2012,3.756
29-Oct-2012,3.638
05-Nov-2012,3.563
12-Nov-2012,3.518
19-Nov-2012,3.497
26-Nov-2012,3.505
03-Dec-2012,3.463
10-Dec-2012,3.419
17-Dec-2012,3.324
24-Dec-2012,3.328
31-Dec-2012,3.369
07-Jan-2013,3.373
14-Jan-2013,3.377
21-Jan-2013,3.386
28-Jan-2013,3.427
04-Feb-2013,3.604
11-Feb-2013,3.677
18-Feb-2013,3.812
25-Feb-2013,3.851
04-Mar-2013,3.826
11-Mar-2013,3.779
18-Mar-2013,3.764
25-Mar-2013,3.746
01-Apr-2013,3.714
08-Apr-2013,3.676
15-Apr-2013,3.611
22-Apr-2013,3.603
29-Apr-2013,3.587
06-May-2013,3.602
13-May-2013,3.665
20-May-2013,3.729
27-May-2013,3.704
03-Jun-2013,3.705
10-Jun-2013,3.715
17-Jun-2013,3.689
24-Jun-2013,3.645
01-Jul-2013,3.567
08-Jul-2013,3.563
15-Jul-2013,3.706
22-Jul-2013,3.751
29-Jul-2013,3.716
05-Aug-2013,3.701
12-Aug-2013,3.633
19-Aug-2013,3.622
26-Aug-2013,3.623
02-Sep-2013,3.678
09-Sep-2013,3.658
16-Sep-2013,3.619
23-Sep-2013,3.567
30-Sep-2013,3.499
07-Oct-2013,3.441
14-Oct-2013,3.43
21-Oct-2013,3.435
28-Oct-2013,3.372
04-Nov-2013,3.343
11-Nov-2013,3.274
18-Nov-2013,3.298
25-Nov-2013,3.372
02-Dec-2013,3.353
09-Dec-2013,3.35
16-Dec-2013,3.321
23-Dec-2013,3.351
30-Dec-2013,3.409
06-Jan-2014,3.411
13-Jan-2014,3.406
20-Jan-2014,3.376
27-Jan-2014,3.375
03-Feb-2014,3.372
10-Feb-2014,3.388
17-Feb-2014,3.457
24-Feb-2014,3.52
03-Mar-2014,3.553
10-Mar-2014,3.584
17-Mar-2014,3.619
24-Mar-2014,3.622
31-Mar-2014,3.651
07-Apr-2014,3.67
14-Apr-2014,3.725
21-Apr-2014,3.758
28-Apr-2014,3.788
05-May-2014,3.761
12-May-2014,3.746
19-May-2014,3.743
26-May-2014,3.75
02-Jun-2014,3.765
09-Jun-2014,3.749
16-Jun-2014,3.76
23-Jun-2014,3.778
30-Jun-2014,3.778
07-Jul-2014,3.753
14-Jul-2014,3.712
21-Jul-2014,3.671
28-Jul-2014,3.617
04-Aug-2014,3.595
11-Aug-2014,3.582
18-Aug-2014,3.549
25-Aug-2014,3.532
01-Sep-2014,3.536
08-Sep-2014,3.534
15-Sep-2014,3.485
22-Sep-2014,3.432
29-Sep-2014,3.434
06-Oct-2014,3.382
13-Oct-2014,3.292
20-Oct-2014,3.205
27-Oct-2014,3.139
03-Nov-2014,3.077
10-Nov-2014,3.025
17-Nov-2014,2.978
24-Nov-2014,2.907
01-Dec-2014,2.864
08-Dec-2014,2.767
15-Dec-2014,2.643
22-Dec-2014,2.496
29-Dec-2014,2.392
05-Jan-2015,2.308
12-Jan-2015,2.232
19-Jan-2015,2.157
26-Jan-2015,2.133
02-Feb-2015,2.154
09-Feb-2015,2.276
16-Feb-2015,2.358
23-Feb-2015,2.415
02-Mar-2015,2.556
09-Mar-2015,2.57
16-Mar-2015,2.537
23-Mar-2015,2.538
30-Mar-2015,2.531
06-Apr-2015,2.499
13-Apr-2015,2.494
20-Apr-2015,2.57
27-Apr-2015,2.656
04-May-2015,2.749
11-May-2015,2.776
18-May-2015,2.827
25-May-2015,2.857
01-Jun-2015,2.863
08-Jun-2015,2.863
15-Jun-2015,2.918
22-Jun-2015,2.895
29-Jun-2015,2.885
06-Jul-2015,2.877
13-Jul-2015,2.92
20-Jul-2015,2.888
27-Jul-2015,2.833
03-Aug-2015,2.779
10-Aug-2015,2.72
17-Aug-2015,2.803
24-Aug-2015,2.726
31-Aug-2015,2.602
07-Sep-2015,2.532
14-Sep-2015,2.471
21-Sep-2015,2.425
28-Sep-2015,2.418
05-Oct-2015,2.415
12-Oct-2015,2.432
19-Oct-2015,2.374
26-Oct-2015,2.326
02-Nov-2015,2.322
09-Nov-2015,2.335
16-Nov-2015,2.281
23-Nov-2015,2.198
30-Nov-2015,2.165
07-Dec-2015,2.159
14-Dec-2015,2.144
21-Dec-2015,2.133
28-Dec-2015,2.141
04-Jan-2016,2.135
11-Jan-2016,2.104
18-Jan-2016,2.022
25-Jan-2016,1.965
01-Feb-2016,1.932
08-Feb-2016,1.87
15-Feb-2016,1.834
22-Feb-2016,1.837
29-Feb-2016,1.887
07-Mar-2016,1.943
14-Mar-2016,2.062
21-Mar-2016,2.109
28-Mar-2016,2.169
04-Apr-2016,2.185
11-Apr-2016,2.173
18-Apr-2016,2.24
25-Apr-2016,2.265
02-May-2016,2.342
09-May-2016,2.325
16-May-2016,2.345
23-May-2016,2.403
30-May-2016,2.44
06-Jun-2016,2.482
13-Jun-2016,2.499
20-Jun-2016,2.455
27-Jun-2016,2.432
04-Jul-2016,2.396
11-Jul-2016,2.359
18-Jul-2016,2.336
25-Jul-2016,2.289
01-Aug-2016,2.267
08-Aug-2016,2.256
15-Aug-2016,2.256
22-Aug-2016,2.299
29-Aug-2016,2.341
05-Sep-2016,2.329
12-Sep-2016,2.31
19-Sep-2016,2.333
26-Sep-2016,2.334
03-Oct-2016,2.354
10-Oct-2016,2.381
17-Oct-2016,2.367
24-Oct-2016,2.353
31-Oct-2016,2.341
07-Nov-2016,2.345
14-Nov-2016,2.298
21-Nov-2016,2.269
28-Nov-2016,2.268
05-Dec-2016,2.321
12-Dec-2016,2.347
19-Dec-2016,2.375
26-Dec-2016,2.419
02-Jan-2017,2.485
09-Jan-2017,2.496
16-Jan-2017,2.467
23-Jan-2017,2.436
30-Jan-2017,2.408
06-Feb-2017,2.405
13-Feb-2017,2.418
20-Feb-2017,2.414
27-Feb-2017,2.427
06-Mar-2017,2.452
13-Mar-2017,2.434
20-Mar-2017,2.433
27-Mar-2017,2.428
03-Apr-2017,2.471
10-Apr-2017,2.534
17-Apr-2017,2.546
24-Apr-2017,2.559
01-May-2017,2.522
08-May-2017,2.484
15-May-2017,2.481
22-May-2017,2.51
29-May-2017,2.516
05-Jun-2017,2.525
12-Jun-2017,2.479
19-Jun-2017,2.433
26-Jun-2017,2.404
03-Jul-2017,2.376
10-Jul-2017,2.411
17-Jul-2017,2.392
24-Jul-2017,2.426
31-Jul-2017,2.467
07-Aug-2017,2.492
14-Aug-2017,2.497
21-Aug-2017,2.474
28-Aug-2017,2.513
04-Sep-2017,2.794
11-Sep-2017,2.8
18-Sep-2017,2.75
25-Sep-2017,2.701
02-Oct-2017,2.682
09-Oct-2017,2.622
16-Oct-2017,2.605
23-Oct-2017,2.594
30-Oct-2017,2.602
06-Nov-2017,2.673
13-Nov-2017,2.706
20-Nov-2017,2.683
27-Nov-2017,2.648
04-Dec-2017,2.617
11-Dec-2017,2.601
18-Dec-2017,2.568
25-Dec-2017,2.589
01-Jan-2018,2.637
08-Jan-2018,2.639
15-Jan-2018,2.673
22-Jan-2018,2.684
29-Jan-2018,2.723
05-Feb-2018,2.753
12-Feb-2018,2.724
19-Feb-2018,2.676
26-Feb-2018,2.666
05-Mar-2018,2.679
12-Mar-2018,2.677
19-Mar-2018,2.716
26-Mar-2018,2.764
02-Apr-2018,2.817
09-Apr-2018,2.811
16-Apr-2018,2.863
23-Apr-2018,2.914
30-Apr-2018,2.961
07-May-2018,2.96
14-May-2018,2.949
21-May-2018,2.999
28-May-2018,3.039
04-Jun-2018,3.018
11-Jun-2018,2.989
18-Jun-2018,2.958
25-Jun-2018,2.913
02-Jul-2018,2.924
09-Jul-2018,2.937
16-Jul-2018,2.943
23-Jul-2018,2.911
30-Jul-2018,2.924
06-Aug-2018,2.93
13-Aug-2018,2.921
20-Aug-2018,2.9
27-Aug-2018,2.906
03-Sep-2018,2.903
10-Sep-2018,2.912
17-Sep-2018,2.921
24-Sep-2018,2.923
01-Oct-2018,2.947
08-Oct-2018,2.984
15-Oct-2018,2.961
22-Oct-2018,2.925
29-Oct-2018,2.896
05-Nov-2018,2.84
12-Nov-2018,2.773
19-Nov-2018,2.7
26-Nov-2018,2.63
03-Dec-2018,2.544
10-Dec-2018,2.511
17-Dec-2018,2.46
24-Dec-2018,2.413
31-Dec-2018,2.358
07-Jan-2019,2.329
14-Jan-2019,2.338
21-Jan-2019,2.34
28-Jan-2019,2.343
04-Feb-2019,2.341
11-Feb-2019,2.361
18-Feb-2019,2.4
25-Feb-2019,2.471
04-Mar-2019,2.502
11-Mar-2019,2.549
18-Mar-2019,2.625
25-Mar-2019,2.701
01-Apr-2019,2.77
08-Apr-2019,2.826
15-Apr-2019,2.912
22-Apr-2019,2.926
29-Apr-2019,2.972
06-May-2019,2.983
13-May-2019,2.954
20-May-2019,2.939
27-May-2019,2.909
03-Jun-2019,2.893
10-Jun-2019,2.821
17-Jun-2019,2.759
24-Jun-2019,2.741
01-Jul-2019,2.798
08-Jul-2019,2.827
15-Jul-2019,2.86
22-Jul-2019,2.833
29-Jul-2019,2.798
05-Aug-2019,2.772
12-Aug-2019,2.71
19-Aug-2019,2.684
26-Aug-2019,2.661
02-Sep-2019,2.651
09-Sep-2019,2.638
16-Sep-2019,2.64
23-Sep-2019,2.741
30-Sep-2019,2.737
07-Oct-2019,2.742
14-Oct-2019,2.727
21-Oct-2019,2.735
28-Oct-2019,2.692
04-Nov-2019,2.702
11-Nov-2019,2.711
18-Nov-2019,2.688
25-Nov-2019,2.672
02-Dec-2019,2.667
09-Dec-2019,2.652
16-Dec-2019,2.627
23-Dec-2019,2.621
30-Dec-2019,2.658
06-Jan-2020,2.665
13-Jan-2020,2.657
20-Jan-2020,2.625
27-Jan-2020,2.595
03-Feb-2020,2.546
10-Feb-2020,2.511
17-Feb-2020,2.518
24-Feb-2020,2.555
02-Mar-2020,2.514
09-Mar-2020,2.468
16-Mar-2020,2.343
23-Mar-2020,2.217
30-Mar-2020,2.103
06-Apr-2020,2.022
13-Apr-2020,1.951
20-Apr-2020,1.91
27-Apr-2020,1.87
04-May-2020,1.883
11-May-2020,1.941
18-May-2020,1.969
25-May-2020,2.049
01-Jun-2020,2.064
08-Jun-2020,2.123
15-Jun-2020,2.185
22-Jun-2020,2.216
29-Jun-2020,2.26
06-Jul-2020,2.265
13-Jul-2020,2.283
20-Jul-2020,2.275
27-Jul-2020,2.265
03-Aug-2020,2.266
10-Aug-2020,2.256
17-Aug-2020,2.256
24-Aug-2020,2.272
31-Aug-2020,2.311
07-Sep-2020,2.302
14-Sep-2020,2.274
21-Sep-2020,2.259
28-Sep-2020,2.259
05-Oct-2020,2.262
12-Oct-2020,2.257
19-Oct-2020,2.24
26-Oct-2020,2.234
02-Nov-2020,2.204
09-Nov-2020,2.188
16-Nov-2020,2.202
23-Nov-2020,2.194
30-Nov-2020,2.211
07-Dec-2020,2.246
14-Dec-2020,2.247
21-Dec-2020,2.311
28-Dec-2020,2.33
04-Jan-2021,2.336
11-Jan-2021,2.403
18-Jan-2021,2.464
25-Jan-2021,2.478
01-Feb-2021,2.495
08-Feb-2021,2.548
15-Feb-2021,2.588
22-Feb-2021,2.717
01-Mar-2021,2.796
08-Mar-2021,2.857
15-Mar-2021,2.94
22-Mar-2021,2.954
29-Mar-2021,2.941
05-Apr-2021,2.945
12-Apr-2021,2.939
19-Apr-2021,2.945
26-Apr-2021,2.962
03-May-2021,2.981
10-May-2021,3.051
17-May-2021,3.118
24-May-2021,3.112
31-May-2021,3.119
07-Jun-2021,3.128
14-Jun-2021,3.161
21-Jun-2021,3.153
28-Jun-2021,3.185
05-Jul-2021,3.216
12-Jul-2021,3.227
19-Jul-2021,3.247
26-Jul-2021,3.232
02-Aug-2021,3.256
09-Aug-2021,3.269
16-Aug-2021,3.272
23-Aug-2021,3.243
30-Aug-2021,3.237
06-Sep-2021,3.273
13-Sep-2021,3.262
20-Sep-2021,3.28
27-Sep-2021,3.271
04-Oct-2021,3.285
11-Oct-2021,3.36
18-Oct-2021,3.416
25-Oct-2021,3.476
01-Nov-2021,3.484
08-Nov-2021,3.505
15-Nov-2021,3.495
22-Nov-2021,3.493
29-Nov-2021,3.478
06-Dec-2021,3.44
13-Dec-2021,3.414
20-Dec-2021,3.395
27-Dec-2021,3.375
03-Jan-2022,3.381
10-Jan-2022,3.394
17-Jan-2022,3.404
24-Jan-2022,3.421
31-Jan-2022,3.464
07-Feb-2022,3.538
14-Feb-2022,3.581
21-Feb-2022,3.624
28-Feb-2022,3.701
07-Mar-2022,4.196
14-Mar-2022,4.414
21-Mar-2022,4.343
28-Mar-2022,4.334
04-Apr-2022,4.274
11-Apr-2022,4.196
18-Apr-2022,4.17
25-Apr-2022,4.211
02-May-2022,4.285
09-May-2022,4.428
16-May-2022,4.591
23-May-2022,4.694
30-May-2022,4.727
06-Jun-2022,4.977
13-Jun-2022,5.107
20-Jun-2022,5.066
27-Jun-2022,4.979
04-Jul-2022,4.879
11-Jul-2022,4.754
18-Jul-2022,4.599
25-Jul-2022,4.44
01-Aug-2022,4.304
08-Aug-2022,4.151
15-Aug-2022,4.051
22-Aug-2022,3.993
29-Aug-2022,3.938
05-Sep-2022,3.859
12-Sep-2022,3.805
19-Sep-2022,3.771
26-Sep-2022,3.832
03-Oct-2022,3.909
10-Oct-2022,4.034
17-Oct-2022,3.99
24-Oct-2022,3.887
31-Oct-2022,3.857
07-Nov-2022,3.909
14-Nov-2022,3.876
21-Nov-2022,3.763
28-Nov-2022,3.649
05-Dec-2022,3.504
12-Dec-2022,3.353
19-Dec-2022,3.234
26-Dec-2022,3.203
02-Jan-2023,3.331
09-Jan-2023,3.366
16-Jan-2023,3.416
23-Jan-2023,3.519
30-Jan-2023,3.594
06-Feb-2023,3.552
13-Feb-2023,3.502
20-Feb-2023,3.494
27-Feb-2023,3.457
06-Mar-2023,3.505
13-Mar-2023,3.568
20-Mar-2023,3.534
27-Mar-2023,3.533
03-Apr-2023,3.606
10-Apr-2023,3.703
17-Apr-2023,3.769
24-Apr-2023,3.765
01-May-2023,3.711
08-May-2023,3.644
15-May-2023,3.647
22-May-2023,3.645
29-May-2023,3.684
05-Jun-2023,3.655
12-Jun-2023,3.707
19-Jun-2023,3.69
26-Jun-2023,3.685
03-Jul-2023,3.643
10-Jul-2023,3.663
17-Jul-2023,3.676
24-Jul-2023,3.711
31-Jul-2023,3.869
