Data,Prognozuota_kaina_EUR_uz_litra
28-Sep-2026,1.07195534521673
05-Oct-2026,1.03675068324248
12-Oct-2026,1.04198801289333
19-Oct-2026,1.04910294987043
26-Oct-2026,1.05408623756255
02-Nov-2026,1.01750801173197
09-Nov-2026,1.00915512915757
16-Nov-2026,1.01212596234682
23-Nov-2026,1.01302932617048
30-Nov-2026,1.01057862708162
07-Dec-2026,0.984768343054064
14-Dec-2026,0.981238572717227
21-Dec-2026,0.976256164561915
28-Dec-2026,0.967764995795861
04-Jan-2027,0.993238224543523
11-Jan-2027,1.02648222841197
18-Jan-2027,1.0601734782585
25-Jan-2027,1.0950413574818
01-Feb-2027,1.10386694730369
08-Feb-2027,1.13711704209171
15-Feb-2027,1.15886172134798
22-Feb-2027,1.17906005365734
01-Mar-2027,1.18275072993059
08-Mar-2027,1.20813280025939
15-Mar-2027,1.21333885736573
22-Mar-2027,1.21717745012054
29-Mar-2027,1.22149557050073
05-Apr-2027,1.25182414839003
12-Apr-2027,1.24840861764539
19-Apr-2027,1.24008633138327
26-Apr-2027,1.23318453656518
03-May-2027,1.24438833180948
10-May-2027,1.24324365745298
17-May-2027,1.23108376283573
24-May-2027,1.22014832678956
31-May-2027,1.211277864689
07-Jun-2027,1.22156013875829
14-Jun-2027,1.212480982724
21-Jun-2027,1.20248597191197
28-Jun-2027,1.19382113823627
05-Jul-2027,1.1912695497473
12-Jul-2027,1.1891564183172
19-Jul-2027,1.18462712667271
26-Jul-2027,1.1801155307862
02-Aug-2027,1.13756650262699
09-Aug-2027,1.1397244959834
16-Aug-2027,1.14382812635533
23-Aug-2027,1.14693132545311
30-Aug-2027,1.14905686691536
06-Sep-2027,1.12410318722183
13-Sep-2027,1.13503910508426
20-Sep-2027,1.1468089242857
27-Sep-2027,1.15719943678739
04-Oct-2027,1.09427735856571
11-Oct-2027,1.10266027293499
18-Oct-2027,1.11742390740624
25-Oct-2027,1.13103779114836
01-Nov-2027,1.07282815981266
08-Nov-2027,1.05738362524751
15-Nov-2027,1.066273212116
22-Nov-2027,1.07440127078553
29-Nov-2027,1.07965611380876
06-Dec-2027,1.03613676433364
13-Dec-2027,1.03705659796805
20-Dec-2027,1.03837612083136
27-Dec-2027,1.0361315382144
03-Jan-2028,1.05700121857838
10-Jan-2028,1.09543144803556
17-Jan-2028,1.13409388739904
24-Jan-2028,1.17339711429012
31-Jan-2028,1.21311160870477
07-Feb-2028,1.24746321368387
14-Feb-2028,1.2672246851096
21-Feb-2028,1.28453595272578
28-Feb-2028,1.30116957874999
06-Mar-2028,1.3320850017853
13-Mar-2028,1.33093951460682
20-Mar-2028,1.32668168864775
27-Mar-2028,1.32340904488904
03-Apr-2028,1.34336420578431
10-Apr-2028,1.34041712479738
17-Apr-2028,1.32490601395199
24-Apr-2028,1.31103578387639
01-May-2028,1.29911896418628
08-May-2028,1.30672215590989
15-May-2028,1.29086503063027
22-May-2028,1.27553179574339
29-May-2028,1.26267761212105
05-Jun-2028,1.27359745775312
12-Jun-2028,1.26445121503019
19-Jun-2028,1.25183766470739
26-Jun-2028,1.24060873061798
03-Jul-2028,1.22050919233977
10-Jul-2028,1.22061074712404
17-Jul-2028,1.21627017003636
24-Jul-2028,1.21170888590439
31-Jul-2028,1.20741647572727
07-Aug-2028,1.2004304187395
14-Aug-2028,1.20640185716449
21-Aug-2028,1.21160809034562
28-Aug-2028,1.2158191350661
04-Sep-2028,1.15643564984907
11-Sep-2028,1.16702933016112
18-Sep-2028,1.18257983282305
25-Sep-2028,1.19725309321391
02-Oct-2028,1.11228918777018
09-Oct-2028,1.11120026314281
16-Oct-2028,1.12801166617544
23-Oct-2028,1.14469607389216
30-Oct-2028,1.159869032386
06-Nov-2028,1.1082853250478
13-Nov-2028,1.12264160817532
20-Nov-2028,1.14035403824691
27-Nov-2028,1.1567681841139
04-Dec-2028,1.07315275135478
11-Dec-2028,1.07352767517072
18-Dec-2028,1.08084781826289
25-Dec-2028,1.08557017525575
01-Jan-2029,1.09226912217098
08-Jan-2029,1.13211444868868
15-Jan-2029,1.17369999377787
22-Jan-2029,1.21554021129628
29-Jan-2029,1.25747454335795
05-Feb-2029,1.28997281646284
12-Feb-2029,1.31094557476277
19-Feb-2029,1.3275024472541
26-Feb-2029,1.34318157655043
05-Mar-2029,1.37557441356387
12-Mar-2029,1.37406377862137
19-Mar-2029,1.36751284002752
26-Mar-2029,1.36200751314464
02-Apr-2029,1.37328941552466
09-Apr-2029,1.37536470421064
16-Apr-2029,1.35817539588646
23-Apr-2029,1.34230680444073
30-Apr-2029,1.32916769854408
07-May-2029,1.34352933312184
14-May-2029,1.32645055108651
21-May-2029,1.30902250722748
28-May-2029,1.29423857158577
04-Jun-2029,1.30110902623066
11-Jun-2029,1.29345787108857
18-Jun-2029,1.28000499794715
25-Jun-2029,1.26784679879578
02-Jul-2029,1.23670230336532
09-Jul-2029,1.23859339539147
16-Jul-2029,1.2349573370292
23-Jul-2029,1.2308802357054
30-Jul-2029,1.2270371479491
06-Aug-2029,1.2114649225137
13-Aug-2029,1.2185311991132
20-Aug-2029,1.22514777796506
27-Aug-2029,1.23078493338445
03-Sep-2029,1.15714668864248
10-Sep-2029,1.16499046853998
17-Sep-2029,1.18147009285792
24-Sep-2029,1.19735385007096
01-Oct-2029,1.11062453101927
08-Oct-2029,1.09952226253534
15-Oct-2029,1.11557022047842
22-Oct-2029,1.13202329340127
29-Oct-2029,1.14699327173443
05-Nov-2029,1.07855013885288
12-Nov-2029,1.08766550815139
19-Nov-2029,1.10149699358515
26-Nov-2029,1.1135873800265
03-Dec-2029,1.03679517272046
10-Dec-2029,1.02992440687762
17-Dec-2029,1.03304672182561
24-Dec-2029,1.03355320954627
31-Dec-2029,1.03016656534093
07-Jan-2030,1.06732525781544
14-Jan-2030,1.10727273694075
21-Jan-2030,1.14809010840784
28-Jan-2030,1.18968739817924
04-Feb-2030,1.22269594713558
11-Feb-2030,1.24960716517207
18-Feb-2030,1.27056908211409
25-Feb-2030,1.29041914786871
04-Mar-2030,1.32516265485368
11-Mar-2030,1.33208729976791
18-Mar-2030,1.33071424832039
25-Mar-2030,1.3297058732557
01-Apr-2030,1.33247496086859
08-Apr-2030,1.34724611659544
15-Apr-2030,1.3349691151007
22-Apr-2030,1.32278349905492
29-Apr-2030,1.31286116599235
06-May-2030,1.33626604629552
13-May-2030,1.32276276432474
20-May-2030,1.30711046626059
27-May-2030,1.2937962684291
03-Jun-2030,1.29505847075278
10-Jun-2030,1.29241362401497
17-Jun-2030,1.28061703211072
24-Jun-2030,1.2697099223353
01-Jul-2030,1.22968642980138
08-Jul-2030,1.23421556486109
15-Jul-2030,1.23234572472589
22-Jul-2030,1.22967930495874
29-Jul-2030,1.22715167959682
05-Aug-2030,1.20227855163448
12-Aug-2030,1.21007326819257
19-Aug-2030,1.21787534735157
26-Aug-2030,1.22472451014997
02-Sep-2030,1.14505268489755
09-Sep-2030,1.14769608447399
16-Sep-2030,1.16386967286213
23-Sep-2030,1.1797069828401
30-Sep-2030,1.19432469076454
07-Oct-2030,1.16454308220945
14-Oct-2030,1.18848216624782
21-Oct-2030,1.21559914378088
28-Oct-2030,1.24285244489486
04-Nov-2030,1.12935986171017
11-Nov-2030,1.14082712271073
18-Nov-2030,1.16353839533227
25-Nov-2030,1.18634395640252
02-Dec-2030,1.07935430250285
09-Dec-2030,1.0670343808663
16-Dec-2030,1.07524066821823
23-Dec-2030,1.08192875002591
30-Dec-2030,1.08517183901656
