bandymo_id,modelis,Lambda,C,Gamma,Medziai,Lapas,Theta,fold1_pr_auc,fold2_pr_auc,fold3_pr_auc,vidutinis_pr_auc,pozymiu_skaicius,mokymo_laikas_s,fold1_kauke,fold2_kauke,fold3_kauke
1,Logistine regresija,0.0001,NaN,NaN,NaN,NaN,NaN,0.943003034486848,0.931417414276266,0.927532817300512,0.933984422021209,57,0.725069,111111111111111111111111111111111111111111111111111111111,111111111111111111111111111111111111111111111111111111111,111111111111111111111111111111111111111111111111111111111
2,Logistine regresija,0.001,NaN,NaN,NaN,NaN,NaN,0.952777787968915,0.935043573248522,0.932468654698222,0.940096671971886,57,0.219803,111111111111111111111111111111111111111111111111111111111,111111111111111111111111111111111111111111111111111111111,111111111111111111111111111111111111111111111111111111111
3,Logistine regresija,0.01,NaN,NaN,NaN,NaN,NaN,0.951298604676086,0.937394490986353,0.927703822857179,0.938798972839873,57,0.031399,111111111111111111111111111111111111111111111111111111111,111111111111111111111111111111111111111111111111111111111,111111111111111111111111111111111111111111111111111111111
4,SVM,NaN,0.1,0.001,NaN,NaN,NaN,0.922384376711767,0.921896393852811,0.928491567284136,0.924257445949571,57,0.359443,111111111111111111111111111111111111111111111111111111111,111111111111111111111111111111111111111111111111111111111,111111111111111111111111111111111111111111111111111111111
5,SVM,NaN,0.1,0.01,NaN,NaN,NaN,0.939873601868743,0.930272081614167,0.944451243957857,0.938198975813589,57,0.220618,111111111111111111111111111111111111111111111111111111111,111111111111111111111111111111111111111111111111111111111,111111111111111111111111111111111111111111111111111111111
6,SVM,NaN,0.1,0.1,NaN,NaN,NaN,0.923661410128972,0.890543517429835,0.892020194687828,0.902075040748878,57,0.166005,111111111111111111111111111111111111111111111111111111111,111111111111111111111111111111111111111111111111111111111,111111111111111111111111111111111111111111111111111111111
7,SVM,NaN,1,0.001,NaN,NaN,NaN,0.944199130389652,0.930238293099888,0.940870193420401,0.938435872303314,57,0.094268,111111111111111111111111111111111111111111111111111111111,111111111111111111111111111111111111111111111111111111111,111111111111111111111111111111111111111111111111111111111
8,SVM,NaN,1,0.01,NaN,NaN,NaN,0.958713076023064,0.943669352159362,0.956210056571653,0.952864161584693,57,0.087124,111111111111111111111111111111111111111111111111111111111,111111111111111111111111111111111111111111111111111111111,111111111111111111111111111111111111111111111111111111111
9,SVM,NaN,1,0.1,NaN,NaN,NaN,0.951482999031724,0.928331239055899,0.934008675572354,0.937940971219992,57,0.172831,111111111111111111111111111111111111111111111111111111111,111111111111111111111111111111111111111111111111111111111,111111111111111111111111111111111111111111111111111111111
10,SVM,NaN,10,0.001,NaN,NaN,NaN,0.954571125620873,0.93752514564386,0.951080398884216,0.947725556716316,57,0.085491,111111111111111111111111111111111111111111111111111111111,111111111111111111111111111111111111111111111111111111111,111111111111111111111111111111111111111111111111111111111
11,SVM,NaN,10,0.01,NaN,NaN,NaN,0.970083723306593,0.942748045476461,0.957574865536364,0.956802211439806,57,0.114393,111111111111111111111111111111111111111111111111111111111,111111111111111111111111111111111111111111111111111111111,111111111111111111111111111111111111111111111111111111111
12,SVM,NaN,10,0.1,NaN,NaN,NaN,0.950900564867274,0.907420138986697,0.922868312029153,0.927063005294375,57,0.205193,111111111111111111111111111111111111111111111111111111111,111111111111111111111111111111111111111111111111111111111,111111111111111111111111111111111111111111111111111111111
13,SVM,NaN,100,0.001,NaN,NaN,NaN,0.963268700646549,0.941900785727716,0.955331781236006,0.953500422536757,57,0.159837,111111111111111111111111111111111111111111111111111111111,111111111111111111111111111111111111111111111111111111111,111111111111111111111111111111111111111111111111111111111
14,SVM,NaN,100,0.01,NaN,NaN,NaN,0.95780589341529,0.926143709299638,0.950852402184776,0.944934001633235,57,0.245057,111111111111111111111111111111111111111111111111111111111,111111111111111111111111111111111111111111111111111111111,111111111111111111111111111111111111111111111111111111111
15,SVM,NaN,100,0.1,NaN,NaN,NaN,0.91881374953967,0.893902710498977,0.921448974317298,0.911388478118648,57,0.258034,111111111111111111111111111111111111111111111111111111111,111111111111111111111111111111111111111111111111111111111,111111111111111111111111111111111111111111111111111111111
16,Atsitiktinis miskas,NaN,NaN,NaN,100,1,NaN,0.844863002549726,0.865627997813438,0.8166798220322,0.842390274131788,57,1.9497,111111111111111111111111111111111111111111111111111111111,111111111111111111111111111111111111111111111111111111111,111111111111111111111111111111111111111111111111111111111
17,Atsitiktinis miskas,NaN,NaN,NaN,100,3,NaN,0.945329538479308,0.922114227439802,0.910507196469403,0.925983654129504,57,1.337127,111111111111111111111111111111111111111111111111111111111,111111111111111111111111111111111111111111111111111111111,111111111111111111111111111111111111111111111111111111111
18,Atsitiktinis miskas,NaN,NaN,NaN,300,1,NaN,0.918113492481599,0.905518328584366,0.903886858243625,0.909172893103197,57,4.214383,111111111111111111111111111111111111111111111111111111111,111111111111111111111111111111111111111111111111111111111,111111111111111111111111111111111111111111111111111111111
19,Atsitiktinis miskas,NaN,NaN,NaN,300,3,NaN,0.968187113978673,0.961801504343431,0.946661023252493,0.958883213858199,57,3.512726,111111111111111111111111111111111111111111111111111111111,111111111111111111111111111111111111111111111111111111111,111111111111111111111111111111111111111111111111111111111
20,HCVR-RF,NaN,NaN,NaN,100,1,0.02,0.916602533515879,0.88680638091807,0.932035769716602,0.91181489471685,7.33333333333333,1.926693,000100100000000100001100000000000000010000000010000100000,000100000000000000001110000000000000010000000000000100000,000100100000000000001100000000000000010000000010000110000
21,HCVR-RF,NaN,NaN,NaN,100,1,0.04,0.835835853128644,0.858699767972484,0.808099257403756,0.834211626168295,55.3333333333333,2.554402,111111111110111111111111111111111111101111111111111111111,111111111111111111111111111111111111101111111111111111111,111111111110111111111111111111111111101111111111111111111
22,HCVR-RF,NaN,NaN,NaN,100,1,0.08,0.838054227333266,0.853235919350471,0.831965922747545,0.841085356477094,50,2.445911,111011111110101111111111111111111111101111111101011111111,111011111110101111111111111111111111101111111101011110111,111011111110101111111111111111111111101011111101011110111
23,HCVR-RF,NaN,NaN,NaN,100,1,0.12,0.829451513220663,0.83821118678204,0.815850119076503,0.827837606359735,40.3333333333333,2.182917,101011111110101111111011111111101011100001101100000111011,101011111110101111111011111111100011101001101100010110111,111011111110001111111011111111011111101001101100010110111
24,HCVR-RF,NaN,NaN,NaN,100,3,0.02,0.91652038289566,0.88600254115542,0.931330052610106,0.911284325553729,7.33333333333333,1.700521,000100100000000100001100000000000000010000000010000100000,000100000000000000001110000000000000010000000000000100000,000100100000000000001100000000000000010000000010000110000
25,HCVR-RF,NaN,NaN,NaN,100,3,0.04,0.938323905466096,0.940580252454377,0.916387975804806,0.931764044575093,55.3333333333333,2.350053,111111111110111111111111111111111111101111111111111111111,111111111111111111111111111111111111101111111111111111111,111111111110111111111111111111111111101111111111111111111
26,HCVR-RF,NaN,NaN,NaN,100,3,0.08,0.893019377823296,0.944881803450708,0.924538572490571,0.920813251254858,50,2.232706,111011111110101111111111111111111111101111111101011111111,111011111110101111111111111111111111101111111101011110111,111011111110101111111111111111111111101011111101011110111
27,HCVR-RF,NaN,NaN,NaN,100,3,0.12,0.898745516861048,0.936087659459213,0.904727785223269,0.913186987181177,40.3333333333333,1.986962,101011111110101111111011111111101011100001101100000111011,101011111110101111111011111111100011101001101100010110111,111011111110001111111011111111011111101001101100010110111
28,HCVR-RF,NaN,NaN,NaN,300,1,0.02,0.916871239686967,0.89245945400387,0.932118023699461,0.913816239130099,7.33333333333333,2.919537,000100100000000100001100000000000000010000000010000100000,000100000000000000001110000000000000010000000000000100000,000100100000000000001100000000000000010000000010000110000
29,HCVR-RF,NaN,NaN,NaN,300,1,0.04,0.908270495719812,0.921354759791982,0.890622221876774,0.906749159129522,55.3333333333333,5.076318,111111111110111111111111111111111111101111111111111111111,111111111111111111111111111111111111101111111111111111111,111111111110111111111111111111111111101111111111111111111
30,HCVR-RF,NaN,NaN,NaN,300,1,0.08,0.907794188390975,0.890309432233414,0.893770053638035,0.897291224754141,50,4.940296,111011111110101111111111111111111111101111111101011111111,111011111110101111111111111111111111101111111101011110111,111011111110101111111111111111111111101011111101011110111
31,HCVR-RF,NaN,NaN,NaN,300,1,0.12,0.918122091891865,0.915114251222333,0.904613719162557,0.912616687425585,40.3333333333333,4.723599,101011111110101111111011111111101011100001101100000111011,101011111110101111111011111111100011101001101100010110111,111011111110001111111011111111011111101001101100010110111
32,HCVR-RF,NaN,NaN,NaN,300,3,0.02,0.916362731894641,0.891403995745315,0.932456945025093,0.91340789088835,7.33333333333333,2.54724,000100100000000100001100000000000000010000000010000100000,000100000000000000001110000000000000010000000000000100000,000100100000000000001100000000000000010000000010000110000
33,HCVR-RF,NaN,NaN,NaN,300,3,0.04,0.972972946953572,0.971507758688109,0.960150951041166,0.968210552227616,55.3333333333333,4.489594,111111111110111111111111111111111111101111111111111111111,111111111111111111111111111111111111101111111111111111111,111111111110111111111111111111111111101111111111111111111
34,HCVR-RF,NaN,NaN,NaN,300,3,0.08,0.955453151234934,0.959090169903729,0.950542178523019,0.955028499887227,50,4.390121,111011111110101111111111111111111111101111111101011111111,111011111110101111111111111111111111101111111101011110111,111011111110101111111111111111111111101011111101011110111
35,HCVR-RF,NaN,NaN,NaN,300,3,0.12,0.966160487082422,0.95808354810077,0.946396774627327,0.95688026993684,40.3333333333333,4.06173,101011111110101111111011111111101011100001101100000111011,101011111110101111111011111111100011101001101100010110111,111011111110001111111011111111011111101001101100010110111
