modelis,metrika,ivertis,apatine_95,virsutine_95,galiojancios_imtys
Daugumos klase,precision,NaN,NaN,NaN,0
Daugumos klase,recall,0,0,0,1000
Daugumos klase,fpr,0,0,0,1000
Daugumos klase,pr_auc,0,0,0,1000
Daugumos klase,average_precision,0.406629834254144,0.369359436614122,0.442541830441254,1000
Daugumos klase,cost_5,0.406629834254144,0.369359436614122,0.442541830441254,1000
Daugumos klase,cost_10,0.406629834254144,0.369359436614122,0.442541830441254,1000
Daugumos klase,cost_20,0.406629834254144,0.369359436614122,0.442541830441254,1000
Logistine regresija,precision,0.972727272727273,0.936889521100047,1,1000
Logistine regresija,recall,0.290760869565217,0.235140531408386,0.344552888036832,1000
Logistine regresija,fpr,0.00558659217877095,0,0.0125343858006682,1000
Logistine regresija,pr_auc,0.925076439672047,0.885496375561793,0.959345330699618,1000
Logistine regresija,average_precision,0.928636956361778,0.891763426008622,0.964035726520258,1000
Logistine regresija,cost_5,0.304972375690608,0.270878844196165,0.34184475637525,1000
Logistine regresija,cost_10,0.321546961325967,0.278501628664495,0.372977324082064,1000
Logistine regresija,cost_20,0.354696132596685,0.282222222222222,0.441988707408565,1000
SVM,precision,0.986486486486487,0.969465451155081,1,1000
SVM,recall,0.595108695652174,0.541731722800817,0.647454702329594,1000
SVM,fpr,0.00558659217877095,0,0.0126015153577424,1000
SVM,pr_auc,0.956584031439971,0.936101183602457,0.970329571717709,1000
SVM,average_precision,0.959361579645618,0.941088126633169,0.974074521035076,1000
SVM,cost_5,0.18121546961326,0.151734205536214,0.213295492495678,1000
SVM,cost_10,0.197790055248619,0.158214537953133,0.246424642464246,1000
SVM,cost_20,0.230939226519337,0.164371445016251,0.315818358693857,1000
Atsitiktinis miskas,precision,0.996240601503759,0.98780487804878,1,1000
Atsitiktinis miskas,recall,0.720108695652174,0.668502219327082,0.768034569124487,1000
Atsitiktinis miskas,fpr,0.00186219739292365,0,0.00581404083349609,1000
Atsitiktinis miskas,pr_auc,0.97350808976715,0.959893858495906,0.983036866984413,1000
Atsitiktinis miskas,average_precision,0.97896309593678,0.968368614379974,0.98736603243938,1000
Atsitiktinis miskas,cost_5,0.119337016574586,0.0962796421867218,0.143095517605452,1000
Atsitiktinis miskas,cost_10,0.124861878453039,0.0970277146545671,0.157696457344037,1000
Atsitiktinis miskas,cost_20,0.135911602209945,0.0981800812909193,0.188023312478772,1000
HCVR-RF,precision,0.996268656716418,0.987999807996928,1,1000
HCVR-RF,recall,0.72554347826087,0.672295050821697,0.775805649362549,1000
HCVR-RF,fpr,0.00186219739292365,0,0.00581404083349609,1000
HCVR-RF,pr_auc,0.961971151398555,0.94608065869073,0.976556721174827,1000
HCVR-RF,average_precision,0.978296636483387,0.967349776250564,0.987066455242807,1000
HCVR-RF,cost_5,0.117127071823204,0.0932815390307066,0.141121917868643,1000
HCVR-RF,cost_10,0.122651933701657,0.0935788595544214,0.154363121522247,1000
HCVR-RF,cost_20,0.133701657458564,0.0946531352820148,0.186008089305938,1000
