row_id,group_id,modelis,klaidos_tipas,tikroji_klase,prognozuota_klase,score
2,2,Daugumos klase,FN,1,0,0.391351351351351
4,4,Daugumos klase,FN,1,0,0.391351351351351
10,10,Daugumos klase,FN,1,0,0.391351351351351
12,12,Daugumos klase,FN,1,0,0.391351351351351
13,13,Daugumos klase,FN,1,0,0.391351351351351
4463,4463,Logistine regresija,FP,0,1,0.999999999999807
2536,2536,Logistine regresija,FP,0,1,0.999876325237854
3312,3312,Logistine regresija,FP,0,1,0.999029600061117
250,250,Logistine regresija,FN,1,0,0.00033668777310452
351,351,Logistine regresija,FN,1,0,0.00433746295093527
1617,1617,Logistine regresija,FN,1,0,0.0356655354328144
1281,1281,Logistine regresija,FN,1,0,0.0406061239751812
1768,1768,Logistine regresija,FN,1,0,0.0509102626735613
2536,2536,SVM,FP,0,1,2.39496031001655
2122,2122,SVM,FP,0,1,2.23267295373757
4207,4207,SVM,FP,0,1,1.23021572374291
250,250,SVM,FN,1,0,-4.0224440301718
351,351,SVM,FN,1,0,-2.7639327287587
661,661,SVM,FN,1,0,-1.65025355722382
364,364,SVM,FN,1,0,-1.58034379050074
496,496,SVM,FN,1,0,-1.57385293492517
4289,4289,Atsitiktinis miskas,FP,0,1,0.898927777777778
250,250,Atsitiktinis miskas,FN,1,0,0.00851587301587301
351,351,Atsitiktinis miskas,FN,1,0,0.0215279275218489
364,364,Atsitiktinis miskas,FN,1,0,0.035697677015734
1751,1751,Atsitiktinis miskas,FN,1,0,0.0567135146375103
184,184,Atsitiktinis miskas,FN,1,0,0.0752966862846403
4289,4289,HCVR-RF,FP,0,1,0.887055555555556
250,250,HCVR-RF,FN,1,0,0.00641260264789677
351,351,HCVR-RF,FN,1,0,0.00907209348385819
364,364,HCVR-RF,FN,1,0,0.025595086707943
184,184,HCVR-RF,FN,1,0,0.049484301444447
1751,1751,HCVR-RF,FN,1,0,0.0557094564777427
